{
    "format_version": "1.12",
    "minecraft:recipe_shaped": {
        "description": {
            "identifier": "oceansdelight:cabbage_wrapped_elder_guardian"
        },
        "tags": [
            "crafting_table"
        ],
        "pattern": [
            "FU",
            "CK"
        ],
        "key": {
            "F": {
                "tag": "farmersdelight:is_cabbage"
            },
            "U": {
                "item": "farmersdelight:onion"
            },
            "C": {
                "item": "farmersdelight:tomato"
            },
            "K": {
                "item": "oceansdelight:cooked_elder_guardian_slice"
            }
        },
        "result": [
            {
                "item": "oceansdelight:cabbage_wrapped_elder_guardian"
            }
        ]
    }
}