{
    "format_version": "1.12",
    "minecraft:recipe_shaped": {
        "description": {
            "identifier": "oceansdelight:elder_guardian_roll"
        },
        "tags": [
            "crafting_table"
        ],
        "pattern": [
            "FF",
            "R"
        ],
        "key": {
            "R": {
                "item": "farmersdelight:cooked_rice"
            },
            "F": {
                "item": "oceansdelight:cooked_elder_guardian_slice"
            }
        },
        "result": [
            {
                "item": "oceansdelight:elder_guardian_roll"
            },
            {
                "item": "minecraft:bowl"
            }
        ]
    }
}