{
    "format_version": "1.12",
    "minecraft:recipe_shapeless": {
        "description": {
            "identifier": "oceansdelight:stuffed_cod"
        },
        "ingredients": [
            {
                "item": "minecraft:kelp"
            },
            {
                "item": "farmersdelight:onion"
            },
            {
                "item": "farmersdelight:tomato"
            },
            {
                "item": "minecraft:brown_mushroom"
            },
            {
                "item": "minecraft:cod"
            },
            {
                "item": "farmersdelight:rope"
            }
        ],
        "result": {
            "item": "oceansdelight:stuffed_cod"
        },
        "tags": [
            "crafting_table"
        ]
    }
}