{
    "format_version": "1.12",
    "minecraft:recipe_shapeless": {
        "description": {
            "identifier": "oceansdelight:tentacle_on_a_stick"
        },
        "ingredients": [
            {
                "item": "minecraft:stick"
            },
            {
                "item": "oceansdelight:tentacles"
            }
        ],
        "result": {
            "item": "oceansdelight:tentacle_on_a_stick"
        },
        "tags": [
            "crafting_table"
        ]
    }
}