{
    "format_version": "1.20.80",
    "minecraft:item": {
        "description": {
            "identifier": "oceansdelight:cabbage_wrapped_elder_guardian",
            "menu_category": {
                "category": "equipment",
                "group": "itemGroup.name.miscFood"
            }
        },
        "components": {
            "minecraft:use_modifiers": {
                "use_duration": 1.6
            },
            "minecraft:use_animation": "eat",
            "minecraft:max_stack_size": 16,
            "minecraft:food": {
                "nutrition": 15,
                "saturation_modifier": 1,
                "can_always_eat": false
            },
            "minecraft:icon": {
                "textures": {
                    "default": "oceansdelight:cabbage_wrapped_elder_guardian"
                }
            }
        }
    }
}