{
    "format_version": "1.20.80",
    "minecraft:item": {
        "description": {
            "identifier": "oceansdelight:cut_tentacles",
            "menu_category": {
                "category": "nature",
                "group": "itemGroup.name.rawFood"
            }
        },
        "components": {
            "minecraft:use_modifiers": {
                "use_duration": 1.6
            },
            "minecraft:use_animation": "eat",
            "minecraft:max_stack_size": 64,
            "minecraft:food": {
                "nutrition": 1,
                "saturation_modifier": 0.5,
                "can_always_eat": false
            },
            "minecraft:icon": {
                "textures": {
                    "default": "oceansdelight:cut_tentacles"
                }
            }
        }
    }
}