{
    "format_version": "1.20.80",
    "minecraft:item": {
        "components": {
            "minecraft:use_modifiers": {
                "use_duration": 1.6
            },
            "minecraft:max_stack_size": 16,
            "minecraft:food": {
                "nutrition": 15,
                "saturation_modifier": 0.8,
                "can_always_eat": false,
                "using_converts_to": "minecraft:bowl"
            },
            "minecraft:use_animation": "eat",
            "minecraft:icon": {
                "textures": {
                    "default": "oceansdelight:guardian_soup"
                }
            }
        },
        "description": {
            "identifier": "oceansdelight:guardian_soup",
            "menu_category": {
                "category": "equipment",
                "group": "itemGroup.name.miscFood"
            }
        }
    }
}