{
    "format_version": "1.20.80",
    "minecraft:item": {
        "description": {
            "identifier": "oceansdelight:guardian",
            "menu_category": {
                "category": "items",
                "group": "itemGroup.name.items"
            }
        },
        "components": {
            "minecraft:max_stack_size": 64,
            "minecraft:icon": {
                "textures": {
                    "default": "oceansdelight:guardian"
                }
            },
            "minecraft:tags": {
                "tags": [
                    "farmersdelight:can_cut.tag.farmersdelight:is_knife"
                ]
            }
        }
    }
}