{
    "format_version": "1.20.80",
    "minecraft:item": {
        "description": {
            "identifier": "oceansdelight:squid_rings",
            "menu_category": {
                "category": "equipment",
                "group": "itemGroup.name.miscFood"
            }
        },
        "components": {
            "minecraft:use_modifiers": {
                "use_duration": 1.6
            },
            "minecraft:use_animation": "eat",
            "minecraft:max_stack_size": 64,
            "minecraft:food": {
                "nutrition": 5,
                "saturation_modifier": 0.5,
                "can_always_eat": false,
                "using_converts_to": "minecraft:bowl"
            },
            "minecraft:icon": {
                "textures": {
                    "default": "oceansdelight:squid_rings"
                }
            }
        }
    }
}