{
	"format_version": "1.10.0",
	"particle_effect": {
		"description": {
			"basic_render_parameters": {
				"material": "particles_alpha",
				"texture": "textures/items/tentacle_on_a_stick"
			},
			"identifier": "farmersdelight:skillet_tentacle_on_a_stick"
		},
		"components": {
			"minecraft:emitter_lifetime_once": {
				"active_time": 0.12
			},
			"minecraft:emitter_rate_steady": {
				"max_particles": 60,
				"spawn_rate": 1250
			},
			"minecraft:emitter_shape_box": {
				"offset": [0, 0.01563, 0],
				"half_dimensions": [0, 0.01563, 0],
				"direction": "outwards"
			},
			"minecraft:particle_appearance_billboard": {
				"facing_camera_mode": "emitter_transform_xz",
				"size": [0.25, 0.25],
				"uv": {
					"texture_height": 16,
					"texture_width": 16,
					"uv": [0, 0],
					"uv_size": [16, 16]
				}
			},
			"minecraft:particle_initial_speed": 0,
			"minecraft:particle_lifetime_expression": {
				"max_lifetime": 0.05
			},
			"minecraft:particle_motion_dynamic": {},
			"minecraft:particle_appearance_lighting": {}
		}
	}
}